source,difficulty,company,answer_format,topic,score,question_num,attempt_num,date,code,grade_reqs,grade_design,grade_implement,grade_test,notes
Leetcode,Hard,,raw text,,,,,,,,,,,
Leetcode,Hard,,raw text,,,,,,,,,,,
Leetcode,Hard,,raw text,,,,,,,,,,,
Leetcode,Hard,,raw text,,,,,,,,,,,
Leetcode,Hard,,raw text,,,,,,,,,,,
Leetcode,Hard,,raw text,,,,,,,,,,,
Leetcode,Hard,,raw text,,,,,,,,,,,
Leetcode,Hard,,raw text,,,,,,,,,,,
Leetcode,Hard,,raw text,,,,,,,,,,,
Leetcode,Hard,,raw text,,,,,,,,,,,
Leetcode,Hard,,raw text,,,,,,,,,,,